{"cameraMode":{"drawMode":0,"name":"Shaded","section":"Shading Mode"},"sceneLighting":true,"audioPlay":false,"sceneViewState":{"m_AlwaysRefresh":false,"showFog":true,"showSkybox":true,"showFlares":true,"showImageEffects":true,"showParticleSystems":true,"showVisualEffectGraphs":true,"m_FxEnabled":true},"in2DMode":false,"pivot":{"x":31.287965774536134,"y":-45.897281646728519,"z":49.27638244628906},"rotation":{"x":-0.39063602685928347,"y":-0.2986741364002228,"z":0.13564960658550263,"w":-0.8601288795471191},"size":60.887718200683597,"orthographic":false}