{"cameraMode":{"drawMode":0,"name":"Shaded","section":"Shading Mode"},"sceneLighting":false,"audioPlay":false,"sceneViewState":{"m_AlwaysRefresh":false,"showFog":true,"showSkybox":false,"showFlares":true,"showImageEffects":true,"showParticleSystems":true,"showVisualEffectGraphs":true,"m_FxEnabled":true},"in2DMode":false,"pivot":{"x":-0.3143272399902344,"y":0.5210777521133423,"z":0.10291469097137451},"rotation":{"x":-0.38960766792297366,"y":-0.3051166534423828,"z":0.13857553899288178,"w":-0.8578646183013916},"size":1.111207127571106,"orthographic":false}